<?xml version="1.0" encoding="UTF-8"?>
<suite name="OrangeHRM" verbose="1" >

	<listeners>
		<listener class-name="com.qa.extentReportListener.ExtentReportListener" />
	</listeners>


<test name = "Basic application test cases">

	<classes>
		<class name = "com.assignment.qa.testcases.LoginPageTest"></class>
		<class name = "com.assignment.qa.testcases.DashboardPageTest"></class>
		<class name = "com.assignment.qa.testcases.DirectoryPageTest"></class>
	</classes>
</test>
</suite>